ride_id,start_time,end_time,pickup_location,drop_location,distance_km,fare_base,fare_per_km,fare_per_min,trip_duration_min,surge_multiplier,fare_estimated,timestamp_x,congestion_index,avg_speed_kmph,timestamp_y,temperature_C,precipitation_mm,humidity_%,wind_speed_kmph,date,event_name,event_location,hour,traffic_level
119,2023-01-01 02:00:00,2023-01-07 20:38:00,Airport,City Center,9.67,2.5,1.8,0.25,9758.0,1.0,2459.406,2023-01-01 02:00:00,71.24,19.4,2023-01-01 02:00:00,17.2,5.0,64,14.8,2023-01-01,,,2,High
188,2023-01-01 02:00:00,2023-01-02 01:39:00,City Center,Suburbs,4.76,2.5,1.8,0.25,1419.0,1.0,365.818,2023-01-01 02:00:00,71.24,19.4,2023-01-01 02:00:00,17.2,5.0,64,14.8,2023-01-01,,,2,High
137,2023-01-01 02:00:00,2023-01-03 12:24:00,Stadium,City Center,18.1,2.5,1.8,0.25,3504.0,1.2,1093.296,2023-01-01 02:00:00,71.24,19.4,2023-01-01 02:00:00,17.2,5.0,64,14.8,2023-01-01,,,2,High
185,2023-01-01 03:00:00,2023-01-07 23:40:00,City Center,Airport,8.97,2.5,1.8,0.25,9880.0,2.0,4977.292,2023-01-01 03:00:00,61.91,37.12,2023-01-01 03:00:00,23.0,0.2,63,18.3,2023-01-01,,,3,High
34,2023-01-01 07:00:00,2023-01-09 05:31:00,Airport,Stadium,12.99,2.5,1.8,0.25,11431.0,1.5,4325.448,2023-01-01 07:00:00,80.63,32.93,2023-01-01 07:00:00,20.2,5.0,83,19.1,2023-01-01,,,7,High
14,2023-01-01 07:00:00,2023-01-10 11:25:00,Suburbs,Suburbs,11.53,2.5,1.8,0.25,13225.0,1.2,3995.4048,2023-01-01 07:00:00,80.63,32.93,2023-01-01 07:00:00,20.2,5.0,83,19.1,2023-01-01,,,7,High
141,2023-01-01 09:00:00,2023-01-08 00:39:00,City Center,Airport,8.45,2.5,1.8,0.25,9579.0,1.0,2412.46,2023-01-01 09:00:00,69.57,43.58,2023-01-01 09:00:00,28.4,0.2,66,18.5,2023-01-01,,,9,High
67,2023-01-01 09:00:00,2023-01-13 06:34:00,Airport,Stadium,15.78,2.5,1.8,0.25,17134.0,1.0,4314.404,2023-01-01 09:00:00,69.57,43.58,2023-01-01 09:00:00,28.4,0.2,66,18.5,2023-01-01,,,9,High
66,2023-01-01 10:00:00,2023-01-10 14:25:00,City Center,Stadium,15.64,2.5,1.8,0.25,13225.0,1.2,4004.2824,2023-01-01 10:00:00,21.44,17.04,2023-01-01 10:00:00,33.6,10.0,47,24.4,2023-01-01,,,10,Low
153,2023-01-01 11:00:00,2023-01-05 15:07:00,Airport,City Center,4.6,2.5,1.8,0.25,6007.0,1.2,1815.036,2023-01-01 11:00:00,87.89,31.86,2023-01-01 11:00:00,26.1,5.0,85,6.9,2023-01-01,,,11,High
147,2023-01-01 12:00:00,2023-01-05 01:13:00,Airport,Stadium,15.27,2.5,1.8,0.25,5113.0,1.5,1962.3540000000005,2023-01-01 12:00:00,78.27,43.16,2023-01-01 12:00:00,26.4,0.0,64,18.5,2023-01-01,,,12,High
155,2023-01-01 13:00:00,2023-01-03 17:29:00,Suburbs,Suburbs,7.57,2.5,1.8,0.25,3149.0,1.5,1205.064,2023-01-01 13:00:00,34.86,37.64,2023-01-01 13:00:00,20.6,0.5,56,13.9,2023-01-01,,,13,Medium
187,2023-01-01 13:00:00,2023-01-12 19:12:00,Suburbs,Suburbs,14.96,2.5,1.8,0.25,16212.0,1.0,4082.428,2023-01-01 13:00:00,34.86,37.64,2023-01-01 13:00:00,20.6,0.5,56,13.9,2023-01-01,,,13,Medium
21,2023-01-01 16:00:00,2023-01-05 16:50:00,City Center,City Center,10.52,2.5,1.8,0.25,5810.0,1.0,1473.936,2023-01-01 16:00:00,41.3,22.33,2023-01-01 16:00:00,21.5,5.0,47,18.9,2023-01-01,,,16,Medium
89,2023-01-01 17:00:00,2023-01-05 23:13:00,City Center,Suburbs,23.13,2.5,1.8,0.25,6133.0,1.0,1577.384,2023-01-01 17:00:00,56.73,18.18,2023-01-01 17:00:00,23.5,0.2,54,21.8,2023-01-01,,,17,Medium
122,2023-01-01 18:00:00,2023-01-04 09:51:00,City Center,City Center,20.25,2.5,1.8,0.25,3831.0,1.5,1495.0500000000002,2023-01-01 18:00:00,50.24,43.91,2023-01-01 18:00:00,25.2,10.0,66,23.9,2023-01-01,,,18,Medium
157,2023-01-01 19:00:00,2023-01-05 01:42:00,Suburbs,Suburbs,5.34,2.5,1.8,0.25,4722.0,1.0,1192.612,2023-01-01 19:00:00,40.39,16.19,2023-01-01 19:00:00,19.8,1.0,85,18.7,2023-01-01,,,19,Medium
181,2023-01-01 19:00:00,2023-01-09 21:38:00,Stadium,Suburbs,16.65,2.5,1.8,0.25,11678.0,1.0,2951.97,2023-01-01 19:00:00,40.39,16.19,2023-01-01 19:00:00,19.8,1.0,85,18.7,2023-01-01,,,19,Medium
169,2023-01-01 19:00:00,2023-01-14 06:43:00,Stadium,Airport,14.63,2.5,1.8,0.25,17983.0,1.0,4524.584,2023-01-01 19:00:00,40.39,16.19,2023-01-01 19:00:00,19.8,1.0,85,18.7,2023-01-01,,,19,Medium
104,2023-01-01 21:00:00,2023-01-01 20:38:00,Stadium,Stadium,7.53,2.5,1.8,0.25,0.0,1.0,10.554000000000002,2023-01-01 21:00:00,29.76,57.31,2023-01-01 21:00:00,27.2,0.2,91,17.4,2023-01-01,,,21,Low
123,2023-01-01 22:00:00,2023-01-03 20:22:00,Suburbs,Suburbs,24.78,2.5,1.8,0.25,2782.0,1.2,891.1248,2023-01-01 22:00:00,40.45,40.9,2023-01-01 22:00:00,20.8,0.5,46,22.4,2023-01-01,,,22,Medium
195,2023-01-01 23:00:00,2023-01-10 10:44:00,Airport,City Center,18.6,2.5,1.8,0.25,12224.0,1.2,3710.376,2023-01-01 23:00:00,45.65,32.47,2023-01-01 23:00:00,26.6,0.2,42,16.4,2023-01-01,,,23,Medium
170,2023-01-01 23:00:00,2023-01-03 00:13:00,City Center,Stadium,7.04,2.5,1.8,0.25,1513.0,1.0,393.422,2023-01-01 23:00:00,45.65,32.47,2023-01-01 23:00:00,26.6,0.2,42,16.4,2023-01-01,,,23,Medium
30,2023-01-02 03:00:00,2023-01-11 19:20:00,City Center,City Center,2.71,2.5,1.8,0.25,13940.0,1.0,3492.378,2023-01-02 03:00:00,56.0,57.37,2023-01-02 03:00:00,16.0,1.0,63,18.5,2023-01-02,Parade,City Center,3,Medium
108,2023-01-02 04:00:00,2023-01-03 21:32:00,Suburbs,City Center,24.35,2.5,1.8,0.25,2492.0,1.2,803.196,2023-01-02 04:00:00,61.47,32.37,2023-01-02 04:00:00,21.7,1.0,42,9.3,2023-01-02,Parade,City Center,4,High
124,2023-01-02 05:00:00,2023-01-06 10:15:00,Stadium,Suburbs,6.61,2.5,1.8,0.25,6075.0,1.0,1533.148,2023-01-02 05:00:00,23.25,58.25,2023-01-02 05:00:00,17.7,5.0,59,18.2,2023-01-02,Parade,City Center,5,Low
83,2023-01-02 07:00:00,2023-01-09 20:38:00,City Center,Suburbs,8.96,2.5,1.8,0.25,10898.0,1.2,3291.7536,2023-01-02 07:00:00,31.94,23.81,2023-01-02 07:00:00,34.8,0.5,54,18.0,2023-01-02,Parade,City Center,7,Medium
177,2023-01-02 13:00:00,2023-01-06 22:10:00,City Center,City Center,21.94,2.5,1.8,0.25,6310.0,2.0,3238.984,2023-01-02 13:00:00,26.84,18.2,2023-01-02 13:00:00,26.9,1.0,83,13.1,2023-01-02,Parade,City Center,13,Low
37,2023-01-02 13:00:00,2023-01-06 03:44:00,City Center,Airport,7.68,2.5,1.8,0.25,5204.0,1.2,1580.7888,2023-01-02 13:00:00,26.84,18.2,2023-01-02 13:00:00,26.9,1.0,83,13.1,2023-01-02,Parade,City Center,13,Low
86,2023-01-02 14:00:00,2023-01-07 18:39:00,City Center,Airport,14.94,2.5,1.8,0.25,7479.0,1.0,1899.142,2023-01-02 14:00:00,67.9,29.35,2023-01-02 14:00:00,24.4,5.0,59,22.4,2023-01-02,Parade,City Center,14,High
18,2023-01-02 18:00:00,2023-01-07 01:51:00,Suburbs,City Center,13.22,2.5,1.8,0.25,6231.0,1.0,1584.046,2023-01-02 18:00:00,22.41,27.68,2023-01-02 18:00:00,31.6,0.2,87,22.6,2023-01-02,Parade,City Center,18,Low
114,2023-01-02 19:00:00,2023-01-06 22:30:00,City Center,City Center,22.06,2.5,1.8,0.25,5970.0,1.2,1841.6496,2023-01-02 19:00:00,83.65,20.32,2023-01-02 19:00:00,34.3,0.0,61,13.1,2023-01-02,Parade,City Center,19,High
45,2023-01-03 00:00:00,2023-01-11 18:36:00,City Center,Airport,7.41,2.5,1.8,0.25,12636.0,1.2,3809.8056,2023-01-03 00:00:00,58.27,51.16,2023-01-03 00:00:00,16.3,0.2,63,21.0,2023-01-03,Concert,City Center,0,Medium
111,2023-01-03 01:00:00,2023-01-11 07:52:00,Suburbs,Stadium,19.54,2.5,1.8,0.25,11932.0,1.2,3624.8064,2023-01-03 01:00:00,32.94,27.69,2023-01-03 01:00:00,29.8,0.5,47,13.7,2023-01-03,Concert,City Center,1,Medium
31,2023-01-03 02:00:00,2023-01-07 03:07:00,Stadium,City Center,24.33,2.5,1.8,0.25,5827.0,1.0,1503.044,2023-01-03 02:00:00,87.87,22.98,2023-01-03 02:00:00,26.5,0.2,50,21.4,2023-01-03,Concert,City Center,2,High
152,2023-01-03 05:00:00,2023-01-01 21:27:00,Stadium,Suburbs,17.68,2.5,1.8,0.25,0.0,1.0,0.0,2023-01-03 05:00:00,82.64,59.57,2023-01-03 05:00:00,30.9,0.5,47,5.1,2023-01-03,Concert,City Center,5,High
193,2023-01-03 06:00:00,2023-01-05 00:53:00,Airport,Suburbs,22.29,2.5,1.8,0.25,2573.0,1.0,685.872,2023-01-03 06:00:00,61.85,33.57,2023-01-03 06:00:00,19.0,5.0,60,11.5,2023-01-03,Concert,City Center,6,High
180,2023-01-03 08:00:00,2023-01-04 06:31:00,Airport,Stadium,14.76,2.5,1.8,0.25,1351.0,1.2,440.1816,2023-01-03 08:00:00,26.19,49.94,2023-01-03 08:00:00,18.3,0.2,69,12.9,2023-01-03,Concert,City Center,8,Low
145,2023-01-03 17:00:00,2023-01-05 01:43:00,Airport,Stadium,14.63,2.5,1.8,0.25,1963.0,1.0,519.5840000000001,2023-01-03 17:00:00,57.99,37.74,2023-01-03 17:00:00,22.5,10.0,64,18.4,2023-01-03,Concert,City Center,17,Medium
11,2023-01-03 20:00:00,2023-01-08 23:45:00,Stadium,Suburbs,4.28,2.5,1.8,0.25,7425.0,1.0,1866.454,2023-01-03 20:00:00,25.22,55.3,2023-01-03 20:00:00,30.0,0.0,80,12.6,2023-01-03,Concert,City Center,20,Low
161,2023-01-03 21:00:00,2023-01-04 13:57:00,City Center,Suburbs,21.86,2.5,1.8,0.25,1017.0,1.2,355.3176,2023-01-03 21:00:00,89.08,32.51,2023-01-03 21:00:00,25.1,1.0,47,22.3,2023-01-03,Concert,City Center,21,High
184,2023-01-03 22:00:00,2023-01-12 05:18:00,Stadium,Stadium,7.4,2.5,1.8,0.25,11958.0,1.0,3005.32,2023-01-03 22:00:00,74.06,15.49,2023-01-03 22:00:00,19.6,0.0,50,15.4,2023-01-03,Concert,City Center,22,High
134,2023-01-03 23:00:00,2023-01-13 00:31:00,Airport,Airport,20.9,2.5,1.8,0.25,13051.0,1.2,3963.444,2023-01-03 23:00:00,33.91,55.74,2023-01-03 23:00:00,33.0,0.2,61,14.6,2023-01-03,Concert,City Center,23,Medium
158,2023-01-04 02:00:00,2023-01-06 23:19:00,Stadium,Stadium,18.33,2.5,1.8,0.25,4159.0,1.0,1075.244,2023-01-04 02:00:00,69.48,57.75,2023-01-04 02:00:00,33.1,1.0,80,12.6,2023-01-04,Concert,City Center,2,High
48,2023-01-04 05:00:00,2023-01-11 13:41:00,Airport,City Center,5.8,2.5,1.8,0.25,10601.0,1.5,3994.785,2023-01-04 05:00:00,25.18,43.43,2023-01-04 05:00:00,33.8,10.0,85,15.7,2023-01-04,Concert,City Center,5,Low
9,2023-01-04 06:00:00,2023-01-14 01:28:00,Suburbs,Suburbs,14.23,2.5,1.8,0.25,14128.0,1.5,5340.171,2023-01-04 06:00:00,45.09,35.18,2023-01-04 06:00:00,27.6,0.0,71,17.2,2023-01-04,Concert,City Center,6,Medium
198,2023-01-04 09:00:00,2023-01-12 14:30:00,City Center,City Center,4.36,2.5,1.8,0.25,11850.0,1.0,2972.848,2023-01-04 09:00:00,63.63,45.26,2023-01-04 09:00:00,30.9,10.0,93,19.4,2023-01-04,Concert,City Center,9,High
148,2023-01-04 13:00:00,2023-01-03 16:24:00,City Center,Suburbs,18.05,2.5,1.8,0.25,0.0,1.5,0.0,2023-01-04 13:00:00,42.76,19.1,2023-01-04 13:00:00,30.8,0.2,72,5.2,2023-01-04,Concert,City Center,13,Medium
101,2023-01-04 13:00:00,2023-01-05 10:13:00,Suburbs,City Center,2.07,2.5,1.8,0.25,1273.0,1.0,324.476,2023-01-04 13:00:00,42.76,19.1,2023-01-04 13:00:00,30.8,0.2,72,5.2,2023-01-04,Concert,City Center,13,Medium
12,2023-01-04 14:00:00,2023-01-01 18:40:00,Stadium,City Center,6.8,2.5,1.8,0.25,0.0,1.2,0.0,2023-01-04 14:00:00,71.07,37.25,2023-01-04 14:00:00,18.0,10.0,49,17.9,2023-01-04,Concert,City Center,14,High
17,2023-01-04 14:00:00,2023-01-08 14:13:00,City Center,Suburbs,5.38,2.5,1.8,0.25,5773.0,1.0,1455.434,2023-01-04 14:00:00,71.07,37.25,2023-01-04 14:00:00,18.0,10.0,49,17.9,2023-01-04,Concert,City Center,14,High
113,2023-01-04 15:00:00,2023-01-07 03:32:00,Stadium,Suburbs,2.7,2.5,1.8,0.25,3632.0,1.2,1098.432,2023-01-04 15:00:00,64.63,17.59,2023-01-04 15:00:00,21.2,5.0,79,23.0,2023-01-04,Concert,City Center,15,High
150,2023-01-04 17:00:00,2023-01-01 04:12:00,City Center,Stadium,4.32,2.5,1.8,0.25,0.0,1.2,0.0,2023-01-04 17:00:00,53.06,34.87,2023-01-04 17:00:00,29.9,0.0,89,23.5,2023-01-04,Concert,City Center,17,Medium
112,2023-01-04 22:00:00,2023-01-09 10:25:00,Airport,Suburbs,23.37,2.5,1.8,0.25,6505.0,1.5,2506.224,2023-01-04 22:00:00,73.97,49.27,2023-01-04 22:00:00,21.8,0.0,80,14.7,2023-01-04,Concert,City Center,22,High
164,2023-01-05 04:00:00,2023-01-03 10:56:00,City Center,Stadium,5.5,2.5,1.8,0.25,0.0,2.0,0.0,2023-01-05 04:00:00,22.2,51.98,2023-01-05 04:00:00,30.9,5.0,65,11.2,2023-01-05,,Stadium,4,Low
13,2023-01-05 04:00:00,2023-01-08 04:41:00,City Center,Stadium,23.29,2.5,1.8,0.25,4361.0,1.5,1702.008,2023-01-05 04:00:00,22.2,51.98,2023-01-05 04:00:00,30.9,5.0,65,11.2,2023-01-05,,Stadium,4,Low
138,2023-01-05 07:00:00,2023-01-03 12:20:00,Airport,Suburbs,4.4,2.5,1.8,0.25,0.0,1.5,0.0,2023-01-05 07:00:00,55.6,18.82,2023-01-05 07:00:00,29.4,1.0,41,10.5,2023-01-05,,Stadium,7,Medium
49,2023-01-05 08:00:00,2023-01-05 21:08:00,City Center,Suburbs,15.41,2.5,1.8,0.25,788.0,1.0,227.238,2023-01-05 08:00:00,83.53,59.4,2023-01-05 08:00:00,29.4,10.0,77,13.3,2023-01-05,,Stadium,8,High
126,2023-01-05 11:00:00,2023-01-10 01:52:00,Suburbs,Suburbs,4.07,2.5,1.8,0.25,6652.0,1.2,2007.3912,2023-01-05 11:00:00,72.89,51.58,2023-01-05 11:00:00,25.9,10.0,85,18.6,2023-01-05,,Stadium,11,High
19,2023-01-05 12:00:00,2023-01-14 06:19:00,Stadium,Suburbs,4.99,2.5,1.8,0.25,12619.0,1.5,4749.348,2023-01-05 12:00:00,36.02,57.63,2023-01-05 12:00:00,20.0,5.0,89,8.6,2023-01-05,,Stadium,12,Medium
130,2023-01-05 14:00:00,2023-01-05 20:48:00,Airport,Stadium,16.56,2.5,1.8,0.25,408.0,1.2,161.16959999999995,2023-01-05 14:00:00,40.28,48.9,2023-01-05 14:00:00,18.6,0.0,73,19.2,2023-01-05,,Stadium,14,Medium
167,2023-01-05 14:00:00,2023-01-08 23:16:00,Airport,Stadium,15.41,2.5,1.8,0.25,4876.0,1.2,1499.0856,2023-01-05 14:00:00,40.28,48.9,2023-01-05 14:00:00,18.6,0.0,73,19.2,2023-01-05,,Stadium,14,Medium
38,2023-01-05 14:00:00,2023-01-04 02:42:00,Stadium,Suburbs,21.29,2.5,1.8,0.25,0.0,2.0,0.0,2023-01-05 14:00:00,40.28,48.9,2023-01-05 14:00:00,18.6,0.0,73,19.2,2023-01-05,,Stadium,14,Medium
146,2023-01-05 15:00:00,2023-01-09 05:10:00,Airport,Airport,16.54,2.5,1.8,0.25,5170.0,1.2,1589.7263999999998,2023-01-05 15:00:00,31.29,31.93,2023-01-05 15:00:00,33.2,1.0,81,7.1,2023-01-05,,Stadium,15,Medium
81,2023-01-05 16:00:00,2023-01-07 07:29:00,Stadium,Airport,19.36,2.5,1.8,0.25,2369.0,1.5,944.397,2023-01-05 16:00:00,85.08,18.76,2023-01-05 16:00:00,26.7,1.0,94,16.3,2023-01-05,,Stadium,16,High
75,2023-01-05 17:00:00,2023-01-08 05:31:00,Airport,City Center,12.74,2.5,1.8,0.25,3631.0,1.0,933.182,2023-01-05 17:00:00,76.57,49.97,2023-01-05 17:00:00,23.0,0.5,83,10.1,2023-01-05,,Stadium,17,High
121,2023-01-05 21:00:00,2023-01-01 20:55:00,City Center,Airport,14.16,2.5,1.8,0.25,0.0,1.2,0.0,2023-01-05 21:00:00,33.06,20.0,2023-01-05 21:00:00,26.7,5.0,42,16.0,2023-01-05,,Stadium,21,Medium
183,2023-01-05 22:00:00,2023-01-04 19:42:00,Stadium,Airport,12.65,2.5,1.8,0.25,0.0,1.0,0.0,2023-01-05 22:00:00,82.48,37.17,2023-01-05 22:00:00,25.1,0.5,45,5.9,2023-01-05,,Stadium,22,High
52,2023-01-05 22:00:00,2023-01-03 02:50:00,Stadium,Suburbs,20.79,2.5,1.8,0.25,0.0,1.2,0.0,2023-01-05 22:00:00,82.48,37.17,2023-01-05 22:00:00,25.1,0.5,45,5.9,2023-01-05,,Stadium,22,High
85,2023-01-05 22:00:00,2023-01-10 03:09:00,Stadium,City Center,14.02,2.5,1.8,0.25,6069.0,1.5,2317.4790000000003,2023-01-05 22:00:00,82.48,37.17,2023-01-05 22:00:00,25.1,0.5,45,5.9,2023-01-05,,Stadium,22,High
156,2023-01-06 00:00:00,2023-01-14 17:51:00,Stadium,Stadium,13.0,2.5,1.8,0.25,12591.0,1.0,3173.65,2023-01-06 00:00:00,76.52,36.09,2023-01-06 00:00:00,15.4,10.0,45,24.0,2023-01-06,Concert,,0,High
82,2023-01-06 01:00:00,2023-01-02 11:24:00,Stadium,Airport,13.31,2.5,1.8,0.25,0.0,1.0,0.0,2023-01-06 01:00:00,82.73,17.53,2023-01-06 01:00:00,32.4,0.2,48,17.0,2023-01-06,Concert,,1,High
74,2023-01-06 03:00:00,2023-01-08 13:59:00,Stadium,Suburbs,17.66,2.5,1.8,0.25,3539.0,1.2,1102.8456,2023-01-06 03:00:00,27.7,20.29,2023-01-06 03:00:00,26.3,0.2,70,22.7,2023-01-06,Concert,,3,Low
92,2023-01-06 05:00:00,2023-01-05 09:54:00,Stadium,City Center,22.57,2.5,1.8,0.25,0.0,1.0,0.0,2023-01-06 05:00:00,49.9,48.57,2023-01-06 05:00:00,33.4,0.2,80,9.2,2023-01-06,Concert,,5,Medium
128,2023-01-06 07:00:00,2023-01-07 16:21:00,Stadium,City Center,3.02,2.5,1.8,0.25,2001.0,2.0,1016.372,2023-01-06 07:00:00,80.25,58.3,2023-01-06 07:00:00,18.1,0.0,51,13.2,2023-01-06,Concert,,7,High
135,2023-01-06 08:00:00,2023-01-04 08:39:00,Stadium,Stadium,20.61,2.5,1.8,0.25,0.0,1.0,0.0,2023-01-06 08:00:00,20.49,31.87,2023-01-06 08:00:00,26.5,0.2,47,21.8,2023-01-06,Concert,,8,Low
166,2023-01-06 11:00:00,2023-01-05 02:40:00,Stadium,City Center,2.51,2.5,1.8,0.25,0.0,1.5,0.0,2023-01-06 11:00:00,35.55,25.06,2023-01-06 11:00:00,29.7,5.0,67,9.7,2023-01-06,Concert,,11,Medium
168,2023-01-06 11:00:00,2023-01-11 02:21:00,Suburbs,Suburbs,21.37,2.5,1.8,0.25,6681.0,1.2,2053.4592,2023-01-06 11:00:00,35.55,25.06,2023-01-06 11:00:00,29.7,5.0,67,9.7,2023-01-06,Concert,,11,Medium
22,2023-01-06 12:00:00,2023-01-11 10:44:00,Stadium,City Center,10.62,2.5,1.8,0.25,7124.0,1.0,1802.616,2023-01-06 12:00:00,28.39,58.35,2023-01-06 12:00:00,33.7,5.0,59,20.6,2023-01-06,Concert,,12,Low
95,2023-01-06 14:00:00,2023-01-03 21:48:00,Airport,Suburbs,15.85,2.5,1.8,0.25,0.0,1.0,0.0,2023-01-06 14:00:00,86.0,58.64,2023-01-06 14:00:00,24.0,0.0,46,21.5,2023-01-06,Concert,,14,High
131,2023-01-06 15:00:00,2023-01-09 03:15:00,Stadium,City Center,3.59,2.5,1.8,0.25,3615.0,1.2,1095.2544,2023-01-06 15:00:00,42.62,16.94,2023-01-06 15:00:00,17.3,0.0,50,13.5,2023-01-06,Concert,,15,Medium
42,2023-01-06 15:00:00,2023-01-03 12:59:00,Suburbs,Stadium,6.07,2.5,1.8,0.25,0.0,1.5,0.0,2023-01-06 15:00:00,42.62,16.94,2023-01-06 15:00:00,17.3,0.0,50,13.5,2023-01-06,Concert,,15,Medium
36,2023-01-06 17:00:00,2023-01-04 05:47:00,Stadium,City Center,5.87,2.5,1.8,0.25,0.0,1.0,0.0,2023-01-06 17:00:00,69.21,38.75,2023-01-06 17:00:00,31.8,1.0,55,6.9,2023-01-06,Concert,,17,High
28,2023-01-06 18:00:00,2023-01-07 16:06:00,Airport,Stadium,15.96,2.5,1.8,0.25,1326.0,1.0,362.728,2023-01-06 18:00:00,45.45,59.68,2023-01-06 18:00:00,17.5,0.2,43,17.5,2023-01-06,Concert,,18,Medium
58,2023-01-06 19:00:00,2023-01-03 00:15:00,Airport,Airport,20.23,2.5,1.8,0.25,0.0,1.2,0.0,2023-01-06 19:00:00,88.02,18.32,2023-01-06 19:00:00,33.4,0.0,45,14.0,2023-01-06,Concert,,19,High
133,2023-01-06 23:00:00,2023-01-04 13:19:00,Suburbs,Suburbs,23.55,2.5,1.8,0.25,0.0,1.2,0.0,2023-01-06 23:00:00,41.06,43.32,2023-01-06 23:00:00,23.0,0.5,80,22.3,2023-01-06,Concert,,23,Medium
23,2023-01-07 03:00:00,2023-01-11 10:22:00,Suburbs,Stadium,12.9,2.5,1.8,0.25,6202.0,1.2,1891.464,2023-01-07 03:00:00,55.19,41.29,2023-01-07 03:00:00,15.1,0.0,57,17.8,2023-01-07,Sports,,3,Medium
56,2023-01-07 04:00:00,2023-01-03 20:13:00,City Center,Airport,8.91,2.5,1.8,0.25,0.0,1.2,0.0,2023-01-07 04:00:00,23.6,55.55,2023-01-07 04:00:00,21.7,0.5,93,17.1,2023-01-07,Sports,,4,Low
90,2023-01-07 04:00:00,2023-01-14 23:56:00,City Center,Airport,10.33,2.5,1.8,0.25,11276.0,1.0,2840.094,2023-01-07 04:00:00,23.6,55.55,2023-01-07 04:00:00,21.7,0.5,93,17.1,2023-01-07,Sports,,4,Low
91,2023-01-07 04:00:00,2023-01-08 13:42:00,City Center,City Center,18.69,2.5,1.8,0.25,2022.0,1.2,649.9704,2023-01-07 04:00:00,23.6,55.55,2023-01-07 04:00:00,21.7,0.5,93,17.1,2023-01-07,Sports,,4,Low
102,2023-01-07 05:00:00,2023-01-04 11:25:00,Suburbs,Airport,16.72,2.5,1.8,0.25,0.0,1.0,0.0,2023-01-07 05:00:00,39.51,17.05,2023-01-07 05:00:00,23.0,0.5,51,15.9,2023-01-07,Sports,,5,Medium
96,2023-01-07 06:00:00,2023-01-02 19:15:00,Stadium,Stadium,15.6,2.5,1.8,0.25,0.0,1.5,0.0,2023-01-07 06:00:00,83.58,27.64,2023-01-07 06:00:00,25.7,10.0,62,9.6,2023-01-07,Sports,,6,High
20,2023-01-07 07:00:00,2023-01-05 19:52:00,Suburbs,Airport,21.22,2.5,1.8,0.25,0.0,1.2,0.0,2023-01-07 07:00:00,36.77,57.77,2023-01-07 07:00:00,33.4,5.0,51,12.8,2023-01-07,Sports,,7,Medium
71,2023-01-07 08:00:00,2023-01-05 03:32:00,Stadium,Stadium,19.15,2.5,1.8,0.25,0.0,1.2,0.0,2023-01-07 08:00:00,30.14,55.06,2023-01-07 08:00:00,21.9,5.0,52,16.9,2023-01-07,Sports,,8,Medium
172,2023-01-07 09:00:00,2023-01-12 12:17:00,Stadium,City Center,6.94,2.5,1.8,0.25,7397.0,1.5,2796.363,2023-01-07 09:00:00,54.26,35.5,2023-01-07 09:00:00,21.9,0.0,64,14.9,2023-01-07,Sports,,9,Medium
197,2023-01-07 13:00:00,2023-01-07 22:18:00,City Center,Stadium,11.26,2.5,1.8,0.25,558.0,1.2,194.7216,2023-01-07 13:00:00,73.31,35.87,2023-01-07 13:00:00,24.0,5.0,94,13.1,2023-01-07,Sports,,13,High
199,2023-01-07 14:00:00,2023-01-04 16:42:00,Stadium,Stadium,6.35,2.5,1.8,0.25,0.0,2.0,0.0,2023-01-07 14:00:00,36.63,30.9,2023-01-07 14:00:00,17.8,0.2,85,13.6,2023-01-07,Sports,,14,Medium
62,2023-01-07 15:00:00,2023-01-03 21:05:00,Suburbs,Airport,21.61,2.5,1.8,0.25,0.0,1.0,0.0,2023-01-07 15:00:00,70.98,41.26,2023-01-07 15:00:00,18.5,0.5,75,19.4,2023-01-07,Sports,,15,High
196,2023-01-07 17:00:00,2023-01-11 21:28:00,Airport,Airport,8.25,2.5,1.8,0.25,6028.0,1.0,1524.35,2023-01-07 17:00:00,64.26,58.85,2023-01-07 17:00:00,23.4,0.5,47,24.8,2023-01-07,Sports,,17,High
57,2023-01-07 19:00:00,2023-01-14 07:16:00,City Center,Stadium,9.49,2.5,1.8,0.25,9376.0,1.2,2836.2984,2023-01-07 19:00:00,57.5,46.42,2023-01-07 19:00:00,22.2,1.0,94,7.1,2023-01-07,Sports,,19,Medium
50,2023-01-08 00:00:00,2023-01-09 05:34:00,Stadium,Suburbs,24.99,2.5,1.8,0.25,1774.0,1.2,589.1783999999999,2023-01-08 00:00:00,22.85,22.32,2023-01-08 00:00:00,18.6,0.2,83,6.7,2023-01-08,Sports,City Center,0,Low
116,2023-01-08 02:00:00,2023-01-07 09:25:00,Stadium,City Center,16.55,2.5,1.8,0.25,0.0,1.2,0.0,2023-01-08 02:00:00,67.43,52.01,2023-01-08 02:00:00,18.0,0.2,45,8.8,2023-01-08,Sports,City Center,2,High
78,2023-01-08 03:00:00,2023-01-03 08:07:00,Suburbs,Suburbs,23.83,2.5,1.8,0.25,0.0,1.5,0.0,2023-01-08 03:00:00,21.16,57.74,2023-01-08 03:00:00,23.3,0.0,57,11.5,2023-01-08,Sports,City Center,3,Low
10,2023-01-08 04:00:00,2023-01-05 20:32:00,City Center,City Center,5.12,2.5,1.8,0.25,0.0,1.5,0.0,2023-01-08 04:00:00,55.85,47.66,2023-01-08 04:00:00,16.7,0.0,58,9.5,2023-01-08,Sports,City Center,4,Medium
80,2023-01-08 05:00:00,2023-01-04 11:08:00,City Center,City Center,4.15,2.5,1.8,0.25,0.0,1.2,0.0,2023-01-08 05:00:00,35.85,42.6,2023-01-08 05:00:00,34.9,5.0,61,12.1,2023-01-08,Sports,City Center,5,Medium
61,2023-01-08 12:00:00,2023-01-11 20:20:00,Stadium,Stadium,5.4,2.5,1.8,0.25,4820.0,1.5,1825.83,2023-01-08 12:00:00,43.87,51.47,2023-01-08 12:00:00,19.1,5.0,90,22.6,2023-01-08,Sports,City Center,12,Medium
70,2023-01-08 14:00:00,2023-01-14 00:08:00,Airport,City Center,2.87,2.5,1.8,0.25,7808.0,1.0,1959.666,2023-01-08 14:00:00,84.73,21.77,2023-01-08 14:00:00,15.7,0.2,68,15.7,2023-01-08,Sports,City Center,14,High
118,2023-01-08 15:00:00,2023-01-14 00:56:00,Suburbs,Airport,20.86,2.5,1.8,0.25,7796.0,1.0,1989.048,2023-01-08 15:00:00,81.41,41.74,2023-01-08 15:00:00,24.4,10.0,93,11.5,2023-01-08,Sports,City Center,15,High
132,2023-01-08 17:00:00,2023-01-14 14:34:00,City Center,Airport,2.13,2.5,1.8,0.25,8494.0,1.2,2555.8007999999995,2023-01-08 17:00:00,66.2,58.65,2023-01-08 17:00:00,16.3,1.0,72,18.4,2023-01-08,Sports,City Center,17,High
192,2023-01-08 17:00:00,2023-01-02 19:24:00,Airport,Airport,5.65,2.5,1.8,0.25,0.0,1.0,0.0,2023-01-08 17:00:00,66.2,58.65,2023-01-08 17:00:00,16.3,1.0,72,18.4,2023-01-08,Sports,City Center,17,High
165,2023-01-08 17:00:00,2023-01-06 17:18:00,Suburbs,Stadium,8.12,2.5,1.8,0.25,0.0,1.2,0.0,2023-01-08 17:00:00,66.2,58.65,2023-01-08 17:00:00,16.3,1.0,72,18.4,2023-01-08,Sports,City Center,17,High
200,2023-01-08 19:00:00,2023-01-08 09:27:00,City Center,Airport,20.01,2.5,1.8,0.25,0.0,2.0,0.0,2023-01-08 19:00:00,58.86,52.72,2023-01-08 19:00:00,24.1,1.0,51,18.2,2023-01-08,Sports,City Center,19,Medium
179,2023-01-08 19:00:00,2023-01-09 20:27:00,City Center,Suburbs,20.89,2.5,1.8,0.25,1527.0,1.0,421.852,2023-01-08 19:00:00,58.86,52.72,2023-01-08 19:00:00,24.1,1.0,51,18.2,2023-01-08,Sports,City Center,19,Medium
117,2023-01-08 20:00:00,2023-01-06 21:39:00,City Center,Suburbs,16.82,2.5,1.8,0.25,0.0,1.0,0.0,2023-01-08 20:00:00,57.08,36.09,2023-01-08 20:00:00,25.5,5.0,88,16.2,2023-01-08,Sports,City Center,20,Medium
53,2023-01-08 21:00:00,2023-01-11 04:58:00,Stadium,Stadium,6.77,2.5,1.8,0.25,3358.0,1.0,854.186,2023-01-08 21:00:00,36.93,33.67,2023-01-08 21:00:00,23.8,5.0,69,19.6,2023-01-08,Sports,City Center,21,Medium
120,2023-01-08 22:00:00,2023-01-14 01:45:00,Stadium,City Center,18.86,2.5,1.8,0.25,7425.0,1.5,2839.047,2023-01-08 22:00:00,26.52,27.3,2023-01-08 22:00:00,23.0,0.0,60,14.3,2023-01-08,Sports,City Center,22,Low
16,2023-01-09 07:00:00,2023-01-05 16:59:00,Suburbs,Suburbs,9.2,2.5,1.8,0.25,0.0,1.5,0.0,2023-01-09 07:00:00,74.59,53.23,2023-01-09 07:00:00,23.2,0.5,63,14.0,2023-01-09,Concert,City Center,7,High
8,2023-01-09 07:00:00,2023-01-02 05:12:00,Airport,Suburbs,24.48,2.5,1.8,0.25,0.0,1.0,0.0,2023-01-09 07:00:00,74.59,53.23,2023-01-09 07:00:00,23.2,0.5,63,14.0,2023-01-09,Concert,City Center,7,High
176,2023-01-09 09:00:00,2023-01-09 21:37:00,Airport,Stadium,18.56,2.5,1.8,0.25,757.0,1.0,225.158,2023-01-09 09:00:00,25.89,35.27,2023-01-09 09:00:00,18.1,5.0,88,12.0,2023-01-09,Concert,City Center,9,Low
99,2023-01-09 10:00:00,2023-01-10 11:48:00,Stadium,City Center,24.91,2.5,1.8,0.25,1548.0,1.0,434.338,2023-01-09 10:00:00,31.31,20.81,2023-01-09 10:00:00,29.3,0.0,90,18.3,2023-01-09,Concert,City Center,10,Medium
3,2023-01-09 10:00:00,2023-01-14 06:09:00,City Center,City Center,14.87,2.5,1.8,0.25,6969.0,1.5,2657.2740000000003,2023-01-09 10:00:00,31.31,20.81,2023-01-09 10:00:00,29.3,0.0,90,18.3,2023-01-09,Concert,City Center,10,Medium
154,2023-01-09 16:00:00,2023-01-03 08:08:00,Airport,Suburbs,21.37,2.5,1.8,0.25,0.0,1.2,0.0,2023-01-09 16:00:00,20.35,31.12,2023-01-09 16:00:00,15.4,0.5,75,24.8,2023-01-09,Concert,City Center,16,Low
163,2023-01-09 18:00:00,2023-01-13 05:50:00,City Center,Airport,8.73,2.5,1.8,0.25,5030.0,1.5,1913.571,2023-01-09 18:00:00,58.41,45.22,2023-01-09 18:00:00,31.0,5.0,54,15.8,2023-01-09,Concert,City Center,18,Medium
29,2023-01-09 18:00:00,2023-01-09 05:11:00,City Center,City Center,5.49,2.5,1.8,0.25,0.0,1.5,0.0,2023-01-09 18:00:00,58.41,45.22,2023-01-09 18:00:00,31.0,5.0,54,15.8,2023-01-09,Concert,City Center,18,Medium
77,2023-01-09 20:00:00,2023-01-08 19:29:00,City Center,Airport,24.3,2.5,1.8,0.25,0.0,1.0,0.0,2023-01-09 20:00:00,65.64,49.75,2023-01-09 20:00:00,28.1,5.0,75,15.4,2023-01-09,Concert,City Center,20,High
109,2023-01-09 20:00:00,2023-01-06 06:34:00,Suburbs,City Center,7.08,2.5,1.8,0.25,0.0,1.2,0.0,2023-01-09 20:00:00,65.64,49.75,2023-01-09 20:00:00,28.1,5.0,75,15.4,2023-01-09,Concert,City Center,20,High
7,2023-01-09 21:00:00,2023-01-04 03:14:00,Suburbs,Suburbs,7.26,2.5,1.8,0.25,0.0,1.5,0.0,2023-01-09 21:00:00,35.7,38.41,2023-01-09 21:00:00,19.8,0.0,45,17.5,2023-01-09,Concert,City Center,21,Medium
189,2023-01-09 23:00:00,2023-01-03 17:23:00,City Center,Suburbs,23.09,2.5,1.8,0.25,0.0,1.5,0.0,2023-01-09 23:00:00,36.61,39.84,2023-01-09 23:00:00,19.9,0.2,81,20.1,2023-01-09,Concert,City Center,23,Medium
51,2023-01-10 00:00:00,2023-01-15 00:10:00,Suburbs,City Center,5.46,2.5,1.8,0.25,7210.0,1.0,1814.828,2023-01-10 00:00:00,42.78,40.24,2023-01-10 00:00:00,29.4,1.0,90,7.6,2023-01-10,Sports,Stadium,0,Medium
144,2023-01-10 02:00:00,2023-01-01 16:51:00,Suburbs,Stadium,9.04,2.5,1.8,0.25,0.0,1.5,0.0,2023-01-10 02:00:00,65.47,33.16,2023-01-10 02:00:00,31.6,10.0,93,20.6,2023-01-10,Sports,Stadium,2,High
39,2023-01-10 03:00:00,2023-01-06 16:37:00,Stadium,Stadium,10.19,2.5,1.8,0.25,0.0,1.0,0.0,2023-01-10 03:00:00,79.45,21.03,2023-01-10 03:00:00,22.9,1.0,51,19.2,2023-01-10,Sports,Stadium,3,High
186,2023-01-10 04:00:00,2023-01-03 09:57:00,Airport,Stadium,8.67,2.5,1.8,0.25,0.0,1.2,0.0,2023-01-10 04:00:00,66.03,16.3,2023-01-10 04:00:00,28.4,5.0,42,5.7,2023-01-10,Sports,Stadium,4,High
84,2023-01-10 05:00:00,2023-01-05 09:30:00,Suburbs,Suburbs,13.3,2.5,1.8,0.25,0.0,1.0,0.0,2023-01-10 05:00:00,59.78,48.98,2023-01-10 05:00:00,19.1,0.5,84,11.1,2023-01-10,Sports,Stadium,5,Medium
160,2023-01-10 06:00:00,2023-01-07 22:39:00,City Center,Airport,6.86,2.5,1.8,0.25,0.0,1.0,0.0,2023-01-10 06:00:00,26.56,42.91,2023-01-10 06:00:00,20.9,5.0,57,10.3,2023-01-10,Sports,Stadium,6,Low
41,2023-01-10 06:00:00,2023-01-14 12:05:00,Airport,City Center,18.31,2.5,1.8,0.25,6125.0,1.0,1566.708,2023-01-10 06:00:00,26.56,42.91,2023-01-10 06:00:00,20.9,5.0,57,10.3,2023-01-10,Sports,Stadium,6,Low
139,2023-01-10 07:00:00,2023-01-02 03:38:00,Suburbs,City Center,11.18,2.5,1.8,0.25,0.0,1.5,0.0,2023-01-10 07:00:00,45.74,46.68,2023-01-10 07:00:00,32.9,0.2,79,12.2,2023-01-10,Sports,Stadium,7,Medium
98,2023-01-10 07:00:00,2023-01-13 12:51:00,City Center,Suburbs,12.96,2.5,1.8,0.25,4671.0,1.0,1193.578,2023-01-10 07:00:00,45.74,46.68,2023-01-10 07:00:00,32.9,0.2,79,12.2,2023-01-10,Sports,Stadium,7,Medium
65,2023-01-10 09:00:00,2023-01-06 05:57:00,Stadium,Suburbs,5.04,2.5,1.8,0.25,0.0,1.0,0.0,2023-01-10 09:00:00,37.08,21.14,2023-01-10 09:00:00,16.7,0.5,54,23.7,2023-01-10,Sports,Stadium,9,Medium
171,2023-01-10 10:00:00,2023-01-02 07:39:00,Stadium,Stadium,2.77,2.5,1.8,0.25,0.0,1.2,0.0,2023-01-10 10:00:00,88.11,15.65,2023-01-10 10:00:00,19.2,0.2,72,16.1,2023-01-10,Sports,Stadium,10,High
27,2023-01-10 11:00:00,2023-01-13 12:16:00,Stadium,Stadium,4.03,2.5,1.8,0.25,4396.0,1.0,1108.754,2023-01-10 11:00:00,47.52,30.78,2023-01-10 11:00:00,15.5,0.2,74,11.1,2023-01-10,Sports,Stadium,11,Medium
190,2023-01-10 12:00:00,2023-01-11 07:34:00,City Center,Suburbs,18.58,2.5,1.8,0.25,1174.0,1.0,329.444,2023-01-10 12:00:00,82.44,41.55,2023-01-10 12:00:00,18.6,0.5,65,12.9,2023-01-10,Sports,Stadium,12,High
129,2023-01-10 12:00:00,2023-01-08 09:09:00,Stadium,Airport,9.86,2.5,1.8,0.25,0.0,1.0,0.0,2023-01-10 12:00:00,82.44,41.55,2023-01-10 12:00:00,18.6,0.5,65,12.9,2023-01-10,Sports,Stadium,12,High
174,2023-01-10 13:00:00,2023-01-07 09:22:00,City Center,Stadium,19.47,2.5,1.8,0.25,0.0,1.5,0.0,2023-01-10 13:00:00,64.18,32.65,2023-01-10 13:00:00,26.7,5.0,47,13.9,2023-01-10,Sports,Stadium,13,High
143,2023-01-10 14:00:00,2023-01-08 08:32:00,Stadium,Airport,2.56,2.5,1.8,0.25,0.0,1.2,0.0,2023-01-10 14:00:00,75.64,34.69,2023-01-10 14:00:00,23.4,10.0,75,17.0,2023-01-10,Sports,Stadium,14,High
25,2023-01-10 15:00:00,2023-01-14 00:24:00,Stadium,Suburbs,24.88,2.5,1.8,0.25,4884.0,1.5,1902.426,2023-01-10 15:00:00,55.18,55.69,2023-01-10 15:00:00,32.9,0.2,87,15.3,2023-01-10,Sports,Stadium,15,Medium
88,2023-01-10 16:00:00,2023-01-12 05:33:00,City Center,Airport,15.93,2.5,1.8,0.25,2253.0,1.5,891.636,2023-01-10 16:00:00,60.38,30.67,2023-01-10 16:00:00,31.3,1.0,69,23.4,2023-01-10,Sports,Stadium,16,High
149,2023-01-10 17:00:00,2023-01-14 17:05:00,Airport,Suburbs,2.14,2.5,1.8,0.25,5765.0,1.0,1447.602,2023-01-10 17:00:00,54.48,38.13,2023-01-10 17:00:00,21.8,0.2,62,14.9,2023-01-10,Sports,Stadium,17,Medium
103,2023-01-10 18:00:00,2023-01-11 09:28:00,Stadium,Suburbs,8.86,2.5,1.8,0.25,928.0,1.0,250.448,2023-01-10 18:00:00,33.67,50.26,2023-01-10 18:00:00,20.2,10.0,81,24.8,2023-01-10,Sports,Stadium,18,Medium
97,2023-01-10 19:00:00,2023-01-14 16:06:00,Stadium,Airport,20.55,2.5,1.8,0.25,5586.0,1.2,1723.188,2023-01-10 19:00:00,70.57,32.84,2023-01-10 19:00:00,22.6,5.0,83,22.0,2023-01-10,Sports,Stadium,19,High
94,2023-01-10 21:00:00,2023-01-09 12:23:00,City Center,Stadium,12.2,2.5,1.8,0.25,0.0,1.0,0.0,2023-01-10 21:00:00,21.7,53.81,2023-01-10 21:00:00,20.4,1.0,53,23.6,2023-01-10,Sports,Stadium,21,Low
159,2023-01-11 02:00:00,2023-01-06 04:25:00,Airport,Stadium,17.34,2.5,1.8,0.25,0.0,1.0,0.0,2023-01-11 02:00:00,84.04,26.62,2023-01-11 02:00:00,20.9,0.0,77,22.4,2023-01-11,Concert,Stadium,2,High
4,2023-01-11 06:00:00,2023-01-09 18:55:00,Suburbs,Stadium,4.42,2.5,1.8,0.25,0.0,1.2,0.0,2023-01-11 06:00:00,49.97,29.79,2023-01-11 06:00:00,32.4,1.0,86,6.6,2023-01-11,Concert,Stadium,6,Medium
194,2023-01-11 13:00:00,2023-01-02 17:29:00,Suburbs,City Center,20.95,2.5,1.8,0.25,0.0,1.5,0.0,2023-01-11 13:00:00,42.18,21.25,2023-01-11 13:00:00,25.8,0.0,45,21.4,2023-01-11,Concert,Stadium,13,Medium
54,2023-01-11 14:00:00,2023-01-02 10:23:00,Stadium,Airport,19.99,2.5,1.8,0.25,0.0,1.5,0.0,2023-01-11 14:00:00,31.86,43.84,2023-01-11 14:00:00,27.7,0.2,56,7.7,2023-01-11,Concert,Stadium,14,Medium
100,2023-01-11 15:00:00,2023-01-08 15:48:00,City Center,Airport,3.37,2.5,1.8,0.25,0.0,1.0,0.0,2023-01-11 15:00:00,58.98,23.18,2023-01-11 15:00:00,20.2,1.0,64,22.2,2023-01-11,Concert,Stadium,15,Medium
43,2023-01-11 15:00:00,2023-01-06 17:12:00,City Center,City Center,13.67,2.5,1.8,0.25,0.0,1.0,0.0,2023-01-11 15:00:00,58.98,23.18,2023-01-11 15:00:00,20.2,1.0,64,22.2,2023-01-11,Concert,Stadium,15,Medium
107,2023-01-11 17:00:00,2023-01-01 06:16:00,Airport,Airport,2.71,2.5,1.8,0.25,0.0,1.2,0.0,2023-01-11 17:00:00,68.72,55.36,2023-01-11 17:00:00,31.7,10.0,41,14.7,2023-01-11,Concert,Stadium,17,High
59,2023-01-11 17:00:00,2023-01-04 01:50:00,Airport,City Center,12.61,2.5,1.8,0.25,0.0,1.0,0.0,2023-01-11 17:00:00,68.72,55.36,2023-01-11 17:00:00,31.7,10.0,41,14.7,2023-01-11,Concert,Stadium,17,High
178,2023-01-11 19:00:00,2023-01-10 15:31:00,Airport,City Center,12.44,2.5,1.8,0.25,0.0,1.2,0.0,2023-01-11 19:00:00,26.8,45.04,2023-01-11 19:00:00,25.5,5.0,76,20.3,2023-01-11,Concert,Stadium,19,Low
32,2023-01-11 20:00:00,2023-01-10 23:49:00,Stadium,Stadium,19.79,2.5,1.8,0.25,0.0,1.0,0.0,2023-01-11 20:00:00,63.05,22.75,2023-01-11 20:00:00,18.4,10.0,44,8.5,2023-01-11,Concert,Stadium,20,High
33,2023-01-11 20:00:00,2023-01-02 22:07:00,City Center,City Center,24.54,2.5,1.8,0.25,0.0,1.2,0.0,2023-01-11 20:00:00,63.05,22.75,2023-01-11 20:00:00,18.4,10.0,44,8.5,2023-01-11,Concert,Stadium,20,High
136,2023-01-11 20:00:00,2023-01-07 07:37:00,Airport,Suburbs,22.34,2.5,1.8,0.25,0.0,1.2,0.0,2023-01-11 20:00:00,63.05,22.75,2023-01-11 20:00:00,18.4,10.0,44,8.5,2023-01-11,Concert,Stadium,20,High
6,2023-01-11 23:00:00,2023-01-05 12:16:00,Suburbs,Suburbs,24.36,2.5,1.8,0.25,0.0,1.0,0.0,2023-01-11 23:00:00,56.28,22.6,2023-01-11 23:00:00,33.3,1.0,51,7.9,2023-01-11,Concert,Stadium,23,Medium
55,2023-01-12 01:00:00,2023-01-13 13:36:00,Airport,Airport,18.9,2.5,1.8,0.25,2196.0,1.2,702.6239999999999,2023-01-12 01:00:00,71.85,22.97,2023-01-12 01:00:00,26.5,1.0,84,6.4,2023-01-12,Concert,Stadium,1,High
87,2023-01-12 03:00:00,2023-01-10 03:32:00,City Center,Airport,12.15,2.5,1.8,0.25,0.0,1.2,0.0,2023-01-12 03:00:00,69.17,20.43,2023-01-12 03:00:00,26.1,0.0,86,7.7,2023-01-12,Concert,Stadium,3,High
106,2023-01-12 04:00:00,2023-01-08 09:07:00,Stadium,Stadium,7.89,2.5,1.8,0.25,0.0,1.0,0.0,2023-01-12 04:00:00,45.16,35.74,2023-01-12 04:00:00,28.0,1.0,70,24.3,2023-01-12,Concert,Stadium,4,Medium
60,2023-01-12 04:00:00,2023-01-08 23:59:00,City Center,Suburbs,18.81,2.5,1.8,0.25,0.0,1.0,0.0,2023-01-12 04:00:00,45.16,35.74,2023-01-12 04:00:00,28.0,1.0,70,24.3,2023-01-12,Concert,Stadium,4,Medium
68,2023-01-12 06:00:00,2023-01-06 08:17:00,City Center,Stadium,10.13,2.5,1.8,0.25,0.0,1.2,0.0,2023-01-12 06:00:00,76.66,31.39,2023-01-12 06:00:00,19.1,0.0,49,24.3,2023-01-12,Concert,Stadium,6,High
182,2023-01-12 08:00:00,2023-01-05 19:50:00,Suburbs,City Center,14.1,2.5,1.8,0.25,0.0,1.2,0.0,2023-01-12 08:00:00,80.7,46.07,2023-01-12 08:00:00,17.7,10.0,93,11.2,2023-01-12,Concert,Stadium,8,High
69,2023-01-12 08:00:00,2023-01-12 15:38:00,Stadium,City Center,12.54,2.5,1.8,0.25,458.0,1.0,139.572,2023-01-12 08:00:00,80.7,46.07,2023-01-12 08:00:00,17.7,10.0,93,11.2,2023-01-12,Concert,Stadium,8,High
24,2023-01-12 12:00:00,2023-01-13 14:46:00,Suburbs,Stadium,12.21,2.5,1.8,0.25,1606.0,1.5,638.967,2023-01-12 12:00:00,75.88,18.68,2023-01-12 12:00:00,27.0,0.5,68,17.8,2023-01-12,Concert,Stadium,12,High
1,2023-01-12 12:00:00,2023-01-03 11:47:00,Airport,City Center,21.36,2.5,1.8,0.25,0.0,1.2,0.0,2023-01-12 12:00:00,75.88,18.68,2023-01-12 12:00:00,27.0,0.5,68,17.8,2023-01-12,Concert,Stadium,12,High
76,2023-01-12 13:00:00,2023-01-14 03:09:00,Airport,Suburbs,2.79,2.5,1.8,0.25,2289.0,1.2,695.7264,2023-01-12 13:00:00,65.5,54.31,2023-01-12 13:00:00,28.3,0.2,49,9.3,2023-01-12,Concert,Stadium,13,High
115,2023-01-12 13:00:00,2023-01-09 06:37:00,Airport,Suburbs,14.13,2.5,1.8,0.25,0.0,1.5,0.0,2023-01-12 13:00:00,65.5,54.31,2023-01-12 13:00:00,28.3,0.2,49,9.3,2023-01-12,Concert,Stadium,13,High
127,2023-01-12 16:00:00,2023-01-13 16:26:00,Stadium,Stadium,2.05,2.5,1.8,0.25,1466.0,1.2,447.228,2023-01-12 16:00:00,82.3,27.46,2023-01-12 16:00:00,23.4,5.0,80,8.0,2023-01-12,Concert,Stadium,16,High
110,2023-01-12 18:00:00,2023-01-07 15:30:00,City Center,Airport,18.88,2.5,1.8,0.25,0.0,1.2,0.0,2023-01-12 18:00:00,46.29,48.67,2023-01-12 18:00:00,25.4,1.0,44,20.6,2023-01-12,Concert,Stadium,18,Medium
2,2023-01-12 19:00:00,2023-01-13 16:23:00,Stadium,City Center,15.35,2.5,1.8,0.25,1283.0,1.2,421.056,2023-01-12 19:00:00,26.58,23.3,2023-01-12 19:00:00,15.9,0.5,59,14.2,2023-01-12,Concert,Stadium,19,Low
105,2023-01-12 20:00:00,2023-01-09 03:26:00,Airport,Airport,9.17,2.5,1.8,0.25,0.0,1.2,0.0,2023-01-12 20:00:00,60.48,24.42,2023-01-12 20:00:00,18.3,0.5,47,6.2,2023-01-12,Concert,Stadium,20,High
64,2023-01-12 23:00:00,2023-01-11 19:59:00,Suburbs,Suburbs,22.86,2.5,1.8,0.25,0.0,2.0,0.0,2023-01-12 23:00:00,57.99,42.82,2023-01-12 23:00:00,27.1,1.0,40,18.9,2023-01-12,Concert,Stadium,23,Medium
63,2023-01-12 23:00:00,2023-01-04 17:49:00,Suburbs,City Center,18.35,2.5,1.8,0.25,0.0,1.2,0.0,2023-01-12 23:00:00,57.99,42.82,2023-01-12 23:00:00,27.1,1.0,40,18.9,2023-01-12,Concert,Stadium,23,Medium
79,2023-01-12 23:00:00,2023-01-02 06:37:00,City Center,City Center,13.8,2.5,1.8,0.25,0.0,1.5,0.0,2023-01-12 23:00:00,57.99,42.82,2023-01-12 23:00:00,27.1,1.0,40,18.9,2023-01-12,Concert,Stadium,23,Medium
5,2023-01-13 01:00:00,2023-01-07 07:15:00,Airport,City Center,5.85,2.5,1.8,0.25,0.0,1.0,0.0,2023-01-13 01:00:00,61.36,35.81,2023-01-13 01:00:00,22.8,0.5,59,9.8,2023-01-13,Concert,,1,High
46,2023-01-13 03:00:00,2023-01-05 10:52:00,Suburbs,Suburbs,21.11,2.5,1.8,0.25,0.0,1.2,0.0,2023-01-13 03:00:00,22.61,16.65,2023-01-13 03:00:00,22.1,10.0,82,7.4,2023-01-13,Concert,,3,Low
173,2023-01-13 04:00:00,2023-01-01 19:19:00,City Center,Suburbs,11.57,2.5,1.8,0.25,0.0,1.0,0.0,2023-01-13 04:00:00,77.58,26.36,2023-01-13 04:00:00,29.4,0.5,76,11.1,2023-01-13,Concert,,4,High
125,2023-01-13 06:00:00,2023-01-04 14:27:00,Suburbs,City Center,24.88,2.5,1.8,0.25,0.0,1.0,0.0,2023-01-13 06:00:00,28.89,55.28,2023-01-13 06:00:00,26.3,0.2,76,18.8,2023-01-13,Concert,,6,Low
142,2023-01-13 13:00:00,2023-01-04 13:44:00,City Center,Airport,17.81,2.5,1.8,0.25,0.0,2.0,0.0,2023-01-13 13:00:00,57.19,27.12,2023-01-13 13:00:00,20.2,0.0,86,17.5,2023-01-13,Concert,,13,Medium
93,2023-01-13 13:00:00,2023-01-10 00:10:00,Suburbs,Suburbs,12.49,2.5,1.8,0.25,0.0,1.0,0.0,2023-01-13 13:00:00,57.19,27.12,2023-01-13 13:00:00,20.2,0.0,86,17.5,2023-01-13,Concert,,13,Medium
175,2023-01-13 21:00:00,2023-01-03 19:55:00,City Center,City Center,6.32,2.5,1.8,0.25,0.0,1.2,0.0,2023-01-13 21:00:00,38.96,41.71,2023-01-13 21:00:00,16.5,0.2,48,13.3,2023-01-13,Concert,,21,Medium
162,2023-01-13 23:00:00,2023-01-04 03:57:00,City Center,City Center,11.23,2.5,1.8,0.25,0.0,1.0,0.0,2023-01-13 23:00:00,25.49,50.51,2023-01-13 23:00:00,24.9,1.0,59,19.7,2023-01-13,Concert,,23,Low
26,2023-01-14 01:00:00,2023-01-05 21:10:00,Airport,Stadium,14.54,2.5,1.8,0.25,0.0,1.2,0.0,2023-01-14 01:00:00,87.39,18.91,2023-01-14 01:00:00,23.7,0.5,68,5.2,2023-01-14,,,1,High
151,2023-01-14 01:00:00,2023-01-01 01:59:00,City Center,Stadium,21.99,2.5,1.8,0.25,0.0,1.2,0.0,2023-01-14 01:00:00,87.39,18.91,2023-01-14 01:00:00,23.7,0.5,68,5.2,2023-01-14,,,1,High
72,2023-01-14 02:00:00,2023-01-14 13:42:00,Suburbs,Airport,14.63,2.5,1.8,0.25,702.0,1.5,306.501,2023-01-14 02:00:00,78.52,39.17,2023-01-14 02:00:00,19.9,0.5,40,13.3,2023-01-14,,,2,High
35,2023-01-14 07:00:00,2023-01-02 22:54:00,City Center,City Center,14.24,2.5,1.8,0.25,0.0,1.0,0.0,2023-01-14 07:00:00,37.52,27.77,2023-01-14 07:00:00,26.8,1.0,92,7.7,2023-01-14,,,7,Medium
140,2023-01-14 07:00:00,2023-01-02 18:06:00,Suburbs,City Center,18.63,2.5,1.8,0.25,0.0,1.0,0.0,2023-01-14 07:00:00,37.52,27.77,2023-01-14 07:00:00,26.8,1.0,92,7.7,2023-01-14,,,7,Medium
47,2023-01-14 11:00:00,2023-01-05 16:47:00,Airport,Airport,14.53,2.5,1.8,0.25,0.0,1.0,0.0,2023-01-14 11:00:00,39.6,31.02,2023-01-14 11:00:00,17.7,0.5,90,9.8,2023-01-14,,,11,Medium
44,2023-01-14 16:00:00,2023-01-03 01:41:00,Suburbs,Suburbs,17.58,2.5,1.8,0.25,0.0,1.0,0.0,2023-01-14 16:00:00,49.37,21.88,2023-01-14 16:00:00,32.5,5.0,92,7.2,2023-01-14,,,16,Medium
15,2023-01-14 20:00:00,2023-01-08 14:12:00,Airport,Airport,11.09,2.5,1.8,0.25,0.0,1.5,0.0,2023-01-14 20:00:00,21.01,27.83,2023-01-14 20:00:00,28.8,0.2,73,7.0,2023-01-14,,,20,Low
73,2023-01-14 21:00:00,2023-01-13 08:35:00,Suburbs,Suburbs,3.33,2.5,1.8,0.25,0.0,1.2,0.0,2023-01-14 21:00:00,28.13,22.8,2023-01-14 21:00:00,32.0,1.0,64,14.8,2023-01-14,,,21,Low
191,2023-01-14 23:00:00,2023-01-11 13:18:00,Stadium,Suburbs,11.23,2.5,1.8,0.25,0.0,1.0,0.0,2023-01-14 23:00:00,22.85,18.61,2023-01-14 23:00:00,24.8,0.2,68,11.5,2023-01-14,,,23,Low
40,2023-01-15 00:00:00,2023-01-04 17:32:00,City Center,Airport,21.02,2.5,1.8,0.25,0.0,1.0,0.0,2023-01-15 00:00:00,79.88,38.6,2023-01-15 00:00:00,19.4,5.0,78,19.7,2023-01-15,Concert,,0,High
